"Fichier","Hash"
"data\raw\meteo\CM001004_2023.json","48799DBF15FC75CC7F595F549272BDDA64FB60FA343C322CBF68EC811663ECAB"
"data\raw\meteo\CM001004_2024.json","79B79FCF207CED08215AC945E5378AC507BE6346192E537F636F58F5904638BB"
"data\raw\meteo\CM001004_2025.json","8DDEFCBC31F4313CD8311D8E52CC6C6FA0D93B4A2827849440D580D5BB890D59"
"data\raw\meteo\CM001005_2023.json","7AA61F1A36CD39DEE3A05940B9790B02A193B5E5F7CB081BD76981A3F678BC26"
"data\raw\meteo\CM001005_2024.json","8971DE0201FA4D7F60C423DE57B9D3BB22868CA72BD86C6F65FBB2CCCCD86BC0"
"data\raw\meteo\CM001005_2025.json","C42145C2E42FE5458D82AC74A2D571DC655806ABA6DA33BD2C7918686F40BE2D"
"data\raw\meteo\CM004001_2023.json","40CDEE4CC6BEBFE02DEE68BA9B7DEFDB1B75A4E6261F63B1D40C1D4EA98D4B19"
"data\raw\meteo\CM004001_2024.json","66133A0BEDE9F44E439C526FDD073BCE033AC2215931EEDB15C44A6D64FFAB6E"
"data\raw\meteo\CM004001_2025.json","D9539E89A29B857173D0916464FD5424D12B533F496A5F7E325935591C9A4412"
"data\raw\meteo\CM004006_2023.json","2B412FAF17A83C7F957EA2DFCD71B372108D421F68D19D4DD4FEAE67765FF88F"
"data\raw\meteo\CM004006_2024.json","CD55B0A4A69A71786D0C408E9CB602E47A2BDB60171B1F4BC856E5B0ECEA8F83"
"data\raw\meteo\CM004006_2025.json","0AF42C47F316811540BB2D61C747E7E9DAD9F6E652B363D9518F304A61D2A553"
"data\raw\meteo\CM008005_2023.json","F67D8D8D4AB15A2123DB10D086BA2C99E87CB746A85B33319F62D27177B89D7C"
"data\raw\meteo\CM008005_2024.json","AE60460EC1805B337EB41EB6566E0C83F911FA07C3A7765C113DE6149350AA68"
"data\raw\meteo\CM008005_2025.json","AF5AA57E8A01A76E3217C159B26AD50BC5BB1180BAB5D3E09686A6C2DD846103"
"data\raw\meteo\CM008006_2023.json","221A29681FE1D1B7E632C36D4DAFFAC9B808872F8EF9F8B171E6A00246A73B3A"
"data\raw\meteo\CM008006_2024.json","80D847C4901AE2C1DD186C9FA20E7E9EA802C8F03C972B4952299415012D0DD9"
"data\raw\meteo\CM008006_2025.json","994032C4D96A81780852AA44A30C7819E430BC38E0716B152B901980EBE2DDC9"
"data\raw\cmr_admin_codes.xlsx","9EB89CBBA06AB284D521CC3B27DC5157E4C798CD85A894E838F37E55BC3DD83D"
"data\raw\faostat_change_cameroun.csv","895A137871ADD9855ECB566D22372F62991440679E4C5A0FE8B304F2CAAB5E76"
"data\raw\faostat_elevage_cameroun.csv","4E1163047D8B59A37FC8A1E119C2F820B6CE3B3625C0FF6D73A3DE1138CCB785"
"data\raw\faostat_prix_cameroun.csv","54F40B5B3B3749F386BFC4A73704FCDAFA32E1343F145023DA53B5948A2833E6"
"data\raw\ndvi_cmr_full.csv","024FD56D61F893ADD6FB3FB4CB8A0465D6779E4DC32C57E0CB09012DF5E37E22"
"data\raw\wahis_quantitatif_2026-10-05.csv","1D5DDAAB7C0408F0A1EF30E3C087C11B65FEDCB2A8C985A3DB8431B92C9DBFAC"
"data\raw\wahis_quantitatif_cameroun.csv","AB7435CD7F9ED1561232C88A31DA275E353647DFD8960A963DFF44FE4DF3FADD"
"data\raw\wahis_quantitatif_complet.csv","D3CE1B4AD7752EB7CA0E6651CF381DEF119B7672470257A4518F59FB0F4CDD40"
